cod_localidad,id_provincia,id_departamento,categoría,provincia,localidad,nombre,domicilio,código postal,número de teléfono,mail,web
10049030,10,10049,Salas de cine,Catamarca,Catamarca,Cinemacenter,Intendente Mamerto Medina 220,4700,s/d,s/d,http://www.cinemacenter.com.ar/
10091150,10,10091,Salas de cine,Catamarca,Santa María,Centro Cultural San Agustín,San Martin 173,4139,421511,s/d,s/d
22140060,22,22140,Salas de cine,Chaco,Resistencia,Los Cines De La Costa,Av. Sarmiento 2600,3500,472200,administracion@loscinesdelacosta.com.ar,http://resistencia.loscinesdelacosta.com.ar/
26091020,26,26091,Salas de cine,Chubut,Sarmiento,Deborah Jones De Williams,Reg. Inf. Mec. 25 Esquina 20 De Junio,9020,4897169,culturasarmiento@hotmail.com,http://www.culturachubut.gob.ar/…/convo-evita-culturales.ht…
18007010,18,18007,Salas de cine,Corrientes,Bella Vista,Fantasio,Salta 1059,3432,s/d,nuevocineteatrorex@gmail.com,https://www.facebook.com/CineFantasioBellaVista/
30056070,30,30056,Salas de cine,Entre Ríos,Gualeguaychú,Cinema Gualeguaychú,25 De Mayo 1383,2820,4553653,cebriancine@gmail.com,http://cinemagualeguaychu.com
30084070,30,30084,Salas de cine,Entre Ríos,Crespo,Salón Teatro Municipal,25 De Mayo 943,3116,4951160,municres@gmail.com,http://www.crespo.gov.ar
30028010,30,30028,Salas de cine,Entre Ríos,Chajarí,Cine Gran Libertad,3 De Febrero 3060,3228,49899707,gerenciagranlibertad@gmail.com,http://cinegranlibertad.com/sala/gran-libertad/alias/chaj
30084160,30,30084,Salas de cine,Entre Ríos,Paraná,Cine Complejo Círculo,Andres Pazos 339,3100,4233222,v-vieiro@hotmail.com,https://www.cinecirculo.com.ar/
30008020,30,30008,Salas de cine,Entre Ríos,Colón,Starlight,Calle 12 De Abril 287,3280,424481,samanthaeventos@hotmail.com,https://www.facebook.com/pg/StarlightCineColon/about/?ref=page_internal
30049040,30,30049,Salas de cine,Entre Ríos,Gualeguay,Altos Del Gualeguay,Rocamora 33,2840,453306,legales@nefroargentina.com.ar,https://www.facebook.com/pg/CineAltosDeGualeguay/about/?ref=page_internal
38094050,38,38094,Salas de cine,Jujuy,Tilcara,Barbarita Cruz,Belgrano 547,4624,4955462,musica@imagine.com.ar,https://capectilcara.com/
38021060,38,38021,Salas de cine,Jujuy,San Salvador de Jujuy,Cine Auditorium,Independencia Esq. Italia S/N,4600,4632908,cineauditoriumjujuy@gmail.com,https://www.facebook.com/CineAuditoriumJujuyINCAAMercosur/
42007010,42,42007,Salas de cine,La Pampa,Doblas,Centro Cultural Doblas,Cordoba 670,6305,492102,culturaydeportedoblas@cosedo.com.ar,s/d
42021020,42,42021,Salas de cine,La Pampa,Santa Rosa,Milenium,Escalante 270,6300,4773833,cineamadeus@yahoo.com.ar,https://www.facebook.com/pages/Cine-Milenium/321221581543378
46042010,46,46042,Salas de cine,La Rioja,Chilecito,Cinema,La Plata Y 19 De Febrero,5360,4626907,ericontadoralinares@gmail.com,http://cinema3dlarioja.com/
54077060,54,54077,Salas de cine,Misiones,Puerto Rico,Cine Teatro Municipal San Martin,Av. San Martin 1474,3334,422400,cultura.puertoricomnes@gmail.com,https://www.facebook.com/Cine-Teatro-San-Martin-Puerto-Rico-Misiones-611780998973270/
54063030,54,54063,Salas de cine,Misiones,Puerto Iguazú,Cine Panoramic Grand,Paraguay 372,3370,498100,s/d,http://www.panoramicgrand.com
54028030,54,54028,Salas de cine,Misiones,Posadas,Del Conocimiento,Ruta 12 Y Acceso Oeste (Av. Ulises Lopez),3300,191010,info@imaxdelconocimiento.com,https://www.parquedelconocimiento.com/
66049040,66,66049,Salas de cine,Salta,General Guemes,Centro Cultural 13 De Febrero,20 De Febrero Esq. Gorriti,4430,496276,cine13defebrero2013@outlook.com,https://www.facebook.com/Centro-Cultural-13-de-Febrero-Cine-teatro-962533320483179/
66028050,66,66028,Salas de cine,Salta,Salta,El Teatrino,Aniceto Latorre 1211,4400,4228904,industriaculturalsrl@gmail.com,http://www.elteatrino.com/
66028050,66,66028,Salas de cine,Salta,Salta,Cinemark,Av. Monseñor Tavella 4400,4400,57771000,lventura@cinemark.com.ar,https://www.cinemarkhoyts.com.ar
66028050,66,66028,Salas de cine,Salta,Salta,Fundación Salta,General Guemes 434,4400,4320481,correofundacionsalta@gmail.com,http://www.distritoteatralsalta.com/espacio/teatro-de-la-fundacion-salta/
70028010,70,70028,Salas de cine,San Juan,San Juan,Espacio San Juan,Av. Jose Ignacio De La Roza Oeste 806,5417,4238611,cpohl@cpmcines.com,http://www.espaciosanjuan.com/
74049060,74,74049,Salas de cine,San Luis,Merlo,Cinestar,Av. Del Sol 1120,5881,475660,campos_horacio@yahoo.com.ar,https://www.facebook.com/CineStarMerlo/
74056150,74,74056,Salas de cine,San Luis,San Luis,Municipal José La Vía,Av. Lafinur Y Av. Illia S/N,5700,403539,elartenlaescuela@gmail.com,https://www.ciudaddesanluis.gov.ar/
78021040,78,78021,Salas de cine,Santa Cruz,Río Gallegos,Cine Rio Gallegos,Av. Nestor Kirchner 1142,9400,423753,socin@hotmail.com,http://www.cineriogallegos.com.ar/
78049020,78,78049,Salas de cine,Santa Cruz,Gobernador Gregores,Cine Municipal,Av. San Martin 514,9311,491228,s/d,http://www.santacruz.gob.ar
86147130,86,86147,Salas de cine,Santiago del Estero,Termas de Río Hondo,Atlas Cine,Bolivar 15,4220,55290375,rabdenur@gmail.com,http://www.santacruz.gob.ar
86119100,86,86119,Salas de cine,Santiago del Estero,Quimili,Cine Teatro,Rivadavia 553,3740,402187,sixtomadiaz@hotmail.com,https://www.municipalidaddequimili.gob.ar/
90084010,90,90084,Salas de cine,Tucumán,San Miguel de Tucumán,Atlas Cine,Av. Brigido Teran 250,4000,55290375,rabdenur@gmail.com,cineatlasweb.com.ar
82049020,82,82049,Salas de cine,Santa Fe,Avellaneda,Luna De Avellaneda,Av. San Martin 810,3561,598468,gscarel@estudioscarel.com.ar,http://www.cinelunadeavellaneda.com
82070050,82,82070,Salas de cine,Santa Fe,Esperanza,E-Max Cines,Brigadier Lopez 1471,3080,420947,martin739@gmail.com,http://www.e-max.com.ar
82021310,82,82021,Salas de cine,Santa Fe,Rafaela,Las Tipas Boulevard,C. Conscripto Zurbriggen 865,2300,405750,admin@lastipasboulevard.com.ar,www.lastipasrafaela.com.ar/
82063170,82,82063,Salas de cine,Santa Fe,Santa Fe,Centro Cultural Prov. Francisco Paco Urondo,Junin 2457,3000,4573735,cencultu@yahoo.com.ar,https://es-la.facebook.com/ccpacourondo/
82021360,82,82021,Salas de cine,Santa Fe,Sunchales,Auditorio,Ruta 34 Km 262,2322,454542,infocet@atilra.org.ar,https://www.ate.org/listado_agenda/seccion/3/zona/26/cine-auditorio-ate.html
50049050,50,50049,Salas de cine,Mendoza,Las Heras,Tadicor Las Heras,Juan Dragui Lucero 1450,5539,4864350,pcavallero@tadicor.com,http://www.tadicor.com/Cines.php
50098100,50,50098,Salas de cine,Mendoza,San Martín,Tadicor San Martin,Lateral Sur Ruta Nacional 7 Sin Nro,5570,4864350,pcavallero@tadicor.com,htpp:/www.tadicor.com sección cines 
14182060,14,14182,Salas de cine,Córdoba,Bell Ville,Sudcinemas,Mitre 61,5900,422337,sudcinemas@arnetbiz.com.ar,http://sudcinemas.com.ar/cine-wp/cine/bellville/
14014010,14,14014,Salas de cine,Córdoba,Córdoba,Dinosaurio Mall 60 Cuadras,Av. Circunvalacion Agustin Tosco 4552,5014,261500,s/d,https://www.cinesdinomall.com.ar/
14098110,14,14098,Salas de cine,Córdoba,Elena,Cine Teatro Coop Luz Y Fuerza,Mitre 31,5815,4881249,rboatti@coopluzelena.com.ar,"https://www.facebook.com › Places › Elena, Cordoba, Argentina › Movie Theater"
14161110,14,14161,Salas de cine,Córdoba,Oliva,Cine Cooperativo,Colon 301,5980,410000,administracion@coop-oliva.com.ar / sofia santolin@coop-oliva,http://coop-oliva.com.ar/
14098230,14,14098,Salas de cine,Córdoba,Río Cuarto,Cines Del Paseo,Av. Mugnaini Y Sobremonte,5800,4621235,riocuarto@cinesdelpaseo.com.ar,http://cba.gov.ar
14098230,14,14098,Salas de cine,Córdoba,Río Cuarto,Centro Cultural Leonardo Favio,Buenos Aires 55,5800,4676836,gamolayoli@hotmail.com,http://www.cba.gov.ar/
14021250,14,14021,Salas de cine,Córdoba,Salsipuedes,Dinosaurio Mall,Av. Sarmiento 1007,5113,261500,cluduena@grupodinosaurio.com,http://www.cinesdinomall.com.ar
14014010,14,14014,Salas de cine,Córdoba,Villa Rivera Indarte,Sunstar,Ricardo Rojas 9200,5008,446300,gerente.cordoba@cinesunstar.com,http://www.cinesunstar.com/
2000010,2,2000,Salas de cine,Ciudad Autónoma de Buenos Aires,Ciudad Autónoma de Buenos Aires,Centro Cultural Rector Ricardo Rojas,Av. Corrientes 2038,1045,49535405,gabriel.guralnik@gmail.com,http://www.rojas.uba.ar/
2000010,2,2000,Salas de cine,Ciudad Autónoma de Buenos Aires,Ciudad Autónoma de Buenos Aires,Atlas Cine,Av. Del Libertador 750,1001,43135050,info@atlascines.com.ar,cineatlasweb.com.ar
2000010,2,2000,Salas de cine,Ciudad Autónoma de Buenos Aires,Ciudad Autónoma de Buenos Aires,Cine Amigos Del Bellas Artes,Av. Pte. Figueroa Alcorta 2280,1425,48034062,fwhite@aamnba.org.ar,https://www.facebook.com/pg/amigosdelbellasartes/about/?ref=page_internal
2000010,2,2000,Salas de cine,Ciudad Autónoma de Buenos Aires,Ciudad Autónoma de Buenos Aires,Cine Teatro Gran Rivadavia,Av. Rivadavia 8636,1407,46741300,paula@granrivadavia.com.ar,http://www.granrivadavia.com.ar/inicio/
2000010,2,2000,Salas de cine,Ciudad Autónoma de Buenos Aires,Ciudad Autónoma de Buenos Aires,Atlas Cine,Jeronimo Salguero 3172,1425,43135050,info@atlascines.com.ar,cineatlasweb.com.ar
2000010,2,2000,Salas de cine,Ciudad Autónoma de Buenos Aires,Ciudad Autónoma de Buenos Aires,Hoyts,Melian 4880,1430,57771000,rmazzutti@hoyts.com.ar,https://www.cinemarkhoyts.com.ar/
2000010,2,2000,Salas de cine,Ciudad Autónoma de Buenos Aires,Ciudad Autónoma de Buenos Aires,Cinain,Moreno 1199,1091,43836432,fernandomadedo@cinain.gob.ar,http://cinain.gob.ar/
2000010,2,2000,Salas de cine,Ciudad Autónoma de Buenos Aires,Ciudad Autónoma de Buenos Aires,Cinema Devoto,Quevedo 3365,1417,40196019,mlopez@cinemadevoto.com.ar,https://cinemadevoto.com.ar/
2000010,2,2000,Salas de cine,Ciudad Autónoma de Buenos Aires,Ciudad Autónoma de Buenos Aires,Centro Cultural Borges,Viamonte 525,1005,55555358,dpetchersky@yahoo.com.ar,https://www.ccborges.org.ar/
6882050,6,6882,Salas de cine,Buenos Aires,Zarate,Cine Teatro Coliseo,19 De Marzo 314,2800,65992021,maquintero78@gmail.com,https://es-la.facebook.com/ZarateCineTeatroColiseo/
6441030,6,6441,Salas de cine,Buenos Aires,La Plata,Cine Municipal Ecoselect,19 Y 51,1900,4248733,cineylocacioneslaplata@gmail.com,http://www.cultura.laplata.gov.ar
6357110,6,6357,Salas de cine,Buenos Aires,Mar del Plata,Cinemacenter,Alberti 1610,7600,52180400,gzamora@cinemacenter.com.ar,http://www.cinemacenter.com.ar/
6714060,6,6714,Salas de cine,Buenos Aires,Salto,Cervantes,Alvear 65,2741,551096,j.burgos.ceres@hotmail.com,http://saltoyvos.com/tag/cine_cervantes/
6035010,6,6035,Salas de cine,Buenos Aires,Avellaneda,Village,Autopista Bs. As. - La Plata Km 6,1870,51282828,village.avellaneda@village.com.ar,http://facebook.com/cinecervantes3d
6035010,6,6035,Salas de cine,Buenos Aires,Avellaneda,Carlos Carella,Av. Galicia 401,1870,37608002,edulabce@hotmail.com,www.unica-cartelera.com.ar/teatros/259-sala-carlos-carella
6490010,6,6490,Salas de cine,Buenos Aires,Lomas de Zamora,Cine Teatro Español Lomas De Zamora,Av. Hipolito Yrigoyen 9070,1832,42430381,lomasteatroespanol@gmail.com,https://www.facebook.com/cineteatroespanol/
6539010,6,6539,Salas de cine,Buenos Aires,San Antonio de Padua,Village,Av. Juan Domingo Peron 24056,1718,51688888,village.merlo@village.com.ar,https://www.villagecines.com/
6840010,6,6840,Salas de cine,Buenos Aires,Santos Lugares,Cine Teatro Ocean,Av. La Plata 3530,1676,47579861,inoya@tresdefebrero.gov.ar,https://www.tresdefebrero.gov.ar/noticias/cultura-y-educacin/reinauguracion-del-cine-teatro-ocean/
6014010,6,6014,Salas de cine,Buenos Aires,Gonzales Chaves,Cine Coliseo,Av. San Martin 235,7513,481740,sespagch@hotmail.com,https://www.facebook.com/pg/ZarateCineTeatroColiseo/about/?ref=page_internal
6105060,6,6105,Salas de cine,Buenos Aires,Bolivar,María Esther Chiquita Domeño,Av. San Martin 642,6550,480184,analia.carbajo@live.com,s/d
6861010,6,6861,Salas de cine,Buenos Aires,Munro,Centro Cultural Municipal Munro,Av. Velez Sarsfield 4650,1605,47971162,york.cultura@vicentelopez.gov.ar,https://www.vicentelopez.gov.ar/modernizacion/punto-de-interes/3-centro-cultural-munro
6408010,6,6408,Salas de cine,Buenos Aires,Hurlingham,Centro Cultural Leopoldo Marechal,Av. Vergara 2396,1686,s/d,s/d,https://www.facebook.com/pages/Centro-Cultural-Leopoldo-Marechal-Hurlingham/297621827101262
6525020,6,6525,Salas de cine,Buenos Aires,Marcos Paz,Cine Teatro Roma,Avellaneda 1950,1727,4776523,cine@marcospaz.gov.ar,https://www.facebook.com/pg/cinemarcospaz/about/?ref=page_internal
6371010,6,6371,Salas de cine,Buenos Aires,Villa Ballester,José Hernández,Balcarce 2973,1653,47675752,soteras_jh_am@hotmail.com,https://www.facebook.com/pg/CineTeatroSalaJoseHernandez/about/?ref=page_internal
6568010,6,6560,Salas de cine,Buenos Aires,El Palomar,Cine Teatro Helios,Boulevard San Martin 3076,1684,47518647,produccion@cineteatrohelios.com.ar,https://www.cinesargentinos.com.ar/horarios/c:733:cine-teatro-helios/
6441030,6,6441,Salas de cine,Buenos Aires,La Plata,Taller De Teatro - UNLP,Calle 10 1076,1900,6239105,proyeccionesterrestres@gmail.com,https://www.facebook.com/pg/Clases-de-Teatro-La-Plata-124851047580248/about/?ref=page_internal
6063010,6,6063,Salas de cine,Buenos Aires,Balcarce,Cine Paris Balcarce,Calle 18 684,7620,421703,complejoparis1@gmail.com,https://web.ultracine.com/nueva-sala-cine-paris-de-balcarce/
6294050,6,6294,Salas de cine,Buenos Aires,General Arenales,Cine Teatro Roma,Castelli 152,6005,460583,mutualafc@yahoo.com.ar,https://www.facebook.com/pages/Cine-Teatro-Roma-General-Arenales/286484061815736
6420020,6,6420,Salas de cine,Buenos Aires,San Bernardo,Cine Teatro Arenas,Chiozza 1776,7111,460050,s/d,https://www.facebook.com/pg/Cine-Teatro-Arenas-3D-San-Bernardo-309783435805259/about/?ref=page_internal
6595070,6,6595,Salas de cine,Buenos Aires,Olavarría,Cine Paris,General Paz 2720,7400,417751,complejoparis1@gmail.com,http://www.cineparis.com.ar
6042010,6,6042,Salas de cine,Buenos Aires,Ayacucho,Hugo Del Carril,Irigoyen 941,7150,454949,isaiasalgañaraz@gmail.com,https://www.facebook.com/pages/category/Government-Organization/Direcci%C3%B3n-de-Cultura-Ayacucho-1677928362483344/
6413050,6,6413,Salas de cine,Buenos Aires,Junín,Tu Cine,Jorge Newbery 263,6000,422299,condor@dimarcointernacional.com,http://www.tucine.com.ar
6861010,6,6861,Salas de cine,Buenos Aires,Olivos,Centro Cultural York,Juan Bautista Alberdi 895,1636,47119213,york.cultura@vicentelopez.gov.ar,https://www.facebook.com/cineteatroyorkolivos
6568010,6,6568,Salas de cine,Buenos Aires,Morón,Hoyts,Juan Manuel De Rosas 658,1744,54441000,rmazzutti@hoyts.com.ar,https://www.cinemarkhoyts.com.ar/
6638040,6,6638,Salas de cine,Buenos Aires,Pilar,Multiplex,Las Magnolias 754,1629,4384812,ssomma@cinesmultiplex.com.ar,https://www.multiplex.com.ar/
6497060,6,6497,Salas de cine,Buenos Aires,Luján,Cinema Rosso,Lavalle 410,6700,423954,cinema-rosso@hotmail.com,www.cinemarossolujan.com/
6588100,6,6588,Salas de cine,Buenos Aires,9 de Julio,El Cine De La Biblioteca,Mendoza Y San Martin 991,6500,457354,waltermarini@msn.com,https://www.facebook.com/bibliotecapopularjingenieros/about/
6658010,6,6658,Salas de cine,Buenos Aires,Quilmes,Cine Teatro Municipalidad De Quilmes,Mitre 721,1878,42532213,incaaquilmes@gmail.com,https://www.facebook.com/INCAAQuilmes/
6182030,6,6182,Salas de cine,Buenos Aires,Punta Alta,Cinema Colon,Rivadavia 459,8109,68643237,k.jana@cinemacolon.com.ar,http://www.cinemacolon.com.ar
6595070,6,6595,Salas de cine,Buenos Aires,Olavarría,Flix Olavarría,Rivadavia 4730,7400,444411,flix.olavarria@gmail.com,http://olavarria.flixcinema.com.ar/
6826010,6,6826,Salas de cine,Buenos Aires,Beruti,Cine Club La Luisa,San Martin 455,6424,491112,deñegacionberuti@yahoo.com.ar / bttinaty@yahoo.com.ar,s/d
6826040,6,6826,Salas de cine,Buenos Aires,30 De Agosto,Cine Teatro Santa Rosa De Lima,Santa Rosa De Lima 170,6405,471739,comprasente30deagosto@cetl.com.ar,https://www.trenquelauquen.gov.ar/noticias/30-de-agosto-funciones-en-el-cine-santa-rosa/
6861010,6,6861,Salas de cine,Buenos Aires,Munro,Lumiton,Sargento Cabral 2354,1605,45806236,lumiton.usina@gmail.com,https://www.instagram.com/lumiton_usina/
6028010,6,6028,Salas de cine,Buenos Aires,Adrogué,Cinemas Paseo Adrogué,Segui 699,1846,42140763,s/d,https://www.fandango.lat/ar/cines/cpm-cinemas-paseo-adrogue-190321-191200
6840010,6,6840,Salas de cine,Buenos Aires,Caseros,Cine Teatro Paramount,Tres De Febrero 2561,1678,47501438,inoya@tresdefebrero.gov.ar,https://www.tresdefebrero.gov.ar/tema/cine-teatro-paramount/
10049030,10,10049,Salas de cine,Catamarca,Catamarca,Cinemacenter,Av. Guemes 850,4700,4423040,centercatamarca@cinemacenter.com.ar,http://www.cinemacenter.com.ar/
22140060,22,22140,Salas de cine,Chaco,Resistencia,Espacio Incaa Guido Miranda,Colón 164,3500,4810748,lagomecita@hotmail.com,http://www.ecomchaco.com.ar/guidomiranda/default.htm
22140060,22,22140,Salas de cine,Chaco,Resistencia,Cinemacenter,Av. Lavalle 826,3500,415999,centeravalos@cinemacenter.com.ar,http://www.cinemacenter.com.ar/
22140060,22,22140,Salas de cine,Chaco,Resistencia,Cinemacenter,Av. Dr. Sabin Y Av. Nicolas Avellaneda,3500,446554,centerresistencia@cinemacenter.com.ar,http://www.cinemacenter.com.ar/
26007020,26,26007,Salas de cine,Chubut,Puerto Madryn,Cine Teatro Auditorium,28 De Julio 129,9120,455653,auditorium@madryn.com,http://www.cinemadryn.com/
26035060,26,26035,Salas de cine,Chubut,Trevelin,Espacio INCAA Trevelin,28 De Julio 414,9203,480145,culturatrevelin@gmail.com,https://cines.com/argentina/espacio-incaa-trevelin/
26077040,26,26077,Salas de cine,Chubut,Trelew,Espacio INCAA Km 1460,9 De Julio 655,9100,4969388,donato.enrique@hotmail.com,https://www.facebook.com/pg/Sala-Incaa-Km-1460-Trelew-197525007014521/about/?ref=page_internal
26035030,26,26035,Salas de cine,Chubut,Esquel,Auditorio Municipal De Esquel,Belgrano 330,9200,5081526,coordinacioncultura@yahoo.com.ar,https://www.facebook.com/CulturaEsquel/
26077040,26,26077,Salas de cine,Chubut,Trelew,Coliseo,Belgrano 375,9100,425300,delcoliseosa@speedy.com.ar,https://www.facebook.com/Cine-Coliseo-Trelew-262482040443290/
26077030,26,26077,Salas de cine,Chubut,Rawson,Centro Cultural José Hernández,Dr. Jorge Galina S/N,9103,485564,cinerawsonchubut2014@gmail.com,https://www.facebook.com/media/set/?set=a.910604218955417.1073743674...type...
26021030,26,26021,Salas de cine,Chubut,Comodoro Rivadavia,Cine Coliseo,San Martin 570,9000,6210242,cinecr@speedy.com.ar,https://www.cinesargentinos.com.ar/horarios/c:511:coliseo-comodoro-rivadavia-/
26021030,26,26021,Salas de cine,Chubut,Comodoro Rivadavia,Cine Teatro Español,San Martin 668,9000,6245762,cinecr@speedy.com.ar,http://www.cinecr.com.ar
18021020,18,18021,Salas de cine,Corrientes,Corrientes,Los Cines De La Costa,Av. Centenario 3535,3400,472200,centenario@loscinesdelacosta.com.ar,http://shopping.loscinesdelacosta.com.ar/index.php
18021020,18,18021,Salas de cine,Corrientes,Corrientes,Cinemacenter,Av. Pedro Ferre Y Chacabuco,3400,423400,centercorrientes@cinemacenter.com.ar,http://www.cinemacenter.com.ar/
18035020,18,18035,Salas de cine,Corrientes,Curuzu Cuatiá,Sociedad Rural,Beron De Astrada 641,3460,s/d,nuevocineteatrorex@gmail.com,http://cinedelarural.com.ar
18021020,18,18021,Salas de cine,Corrientes,Corrientes,Costanera,Carlos Pellegrini 451/311,3400,472200,costanera@loscinesdelacosta.com.ar,http://www.loscinesdelacosta.com.ar/
18084020,18,18084,Salas de cine,Corrientes,Ituzaingó,Leonardo Favio,Corrientes 1715,3302,404273,wilfredodavid_50@hotmail.com,https://www.facebook.com/pg/CINEITU/about/
18070020,18,18070,Salas de cine,Corrientes,Goya,Cines De La Costa,España 659,3450,472200,costanera@loscinesdelacosta.com.ar,www.micartelera.com.ar/cines.asp?id=3
18119030,18,18119,Salas de cine,Corrientes,Paso de los Libres,Cine Teatro Opera,Los 108 941,3230,424404,imc@mplibres.gob.ar,https://www.facebook.com/pg/Cineoperacorrientes/about/?ref=page_internal
30008090,30,30008,Salas de cine,Entre Ríos,San José,Cine Urquiza,25 De Mayo 1849,3283,4320151,nuevocineteatrorex@gmail.com,http://www.cineurquiza.com.ar
30105060,30,30105,Salas de cine,Entre Ríos,Victoria,Cine Teatro Victoria,Alem 64,3153,6421005,culturamdv@gmail.com,https://www.cinesargentinos.com.ar/complejo/sala-municipal-cine-teatro-victoria/
30015060,30,30015,Salas de cine,Entre Ríos,Concordia,Teatro Gran Odeon,Entre Rios 567,3200,4224758,fernandaaragon@fundacionodeon.com.ar,http://www.fundacionodeon.com.ar
30098040,30,30098,Salas de cine,Entre Ríos,Concepción del Uruguay,Cine Teatro San Martin,Estrada 820,3260,426145,estudiocginepro@gmail.com,https://www.facebook.com/cinesanmartin/
30008020,30,30008,Salas de cine,Entre Ríos,Villa Elisa,Centro Cultural La Fragua,Hector De Elia 1489,3265,481779,asociacioncivillafragua@gmail.com,https://www.facebook.com/pg/asociacioncivillafragua/about/?ref=page_internal
30084160,30,30084,Salas de cine,Entre Ríos,Paraná,Cine Rex,Monte Caseros 266,3100,4320151,nuevocinerex@gmail.com,https://www.cinerexparana.com/
30113080,30,30113,Salas de cine,Entre Ríos,Villaguay,Fundación Emilio Berisso,San Martin 540,3240,414428,cineteatroberisso@gmail.com,https://www.facebook.com/pg/CineBerisso/about/?ref=page_internal
34014020,34,34014,Salas de cine,Formosa,Formosa,Cine Teatro Italia,Av. 25 De Mayo 353,3600,436447,cineteatroitalia@formosa.gov.ar,https://www.facebook.com/cine.italia/
34014020,34,34014,Salas de cine,Formosa,Formosa,Avenida,Av. Juan Domingo Peron 757,3600,420255,jimecaceres@hotmail.com,https://www.facebook.com/pg/Cines-Avenida-112830095434025/about/?ref=page_internal
38042040,38,38042,Salas de cine,Jujuy,Palpala,Cine Teatro Altos Hornos Zapla,Av. Rio De La Plata 383,4612,4276689,claudio.caceres@imdpalpala.gob.ar,https://www.facebook.com/pg/CineAHZ/about/?ref=page_internal
38021060,38,38021,Salas de cine,Jujuy,San Salvador de Jujuy,Cine Teatro Alfa,Patricias Argentinas 360,4600,4230426,cinealfajujuy@hotmail.com,https://twitter.com/cineteatroalfa
42105030,42,42105,Salas de cine,La Pampa,Gral. Pico,Espacio Incaa-Cine & Teatro Pico,Calle 17 957,6360,421776,italianaxx@speedy.com.ar,http://www.picocine.com.ar/
42105030,42,42105,Salas de cine,La Pampa,Gral. Pico,Cine Gran Pampa,Calle 20 642,6360,421776,italianaxx@speedy.com.ar,https://cines.com › Inicio › La Pampa › General Pico
42021020,42,42021,Salas de cine,La Pampa,Santa Rosa,Amadeus,Coronel Gil 31,6300,458160,administracion@cinedonbosco3d.com.ar, www.cineamadeus.com.ar/
42021020,42,42021,Salas de cine,La Pampa,Santa Rosa,Espacio Incaa Santa Rosa,Quintana 172,6300,772893,contablecultura.santarosa@hotmail.com,https://www.facebook.com/Espacio-INCAA-Santa-Rosa-715759378505317/
46014010,46,46014,Salas de cine,La Rioja,La Rioja,Cinemacenter,Av. Abel Bazan Y Bustos 710,5300,461893,centerlarioja@cinemacenter.com.ar,http://www.cinemacenter.com.ar/
46014010,46,46014,Salas de cine,La Rioja,La Rioja,Espacio 73,Catamarca 73,5300,468432,coord.mediosaudiovisuales@gmail.com,http://www.culturalarioja.gob.ar
46014010,46,46014,Salas de cine,La Rioja,La Rioja,Cinema,Pelagio Luna 960,5300,463383,ericontadoralinares@gmail.com,http://cinema3dlarioja.com/
46014010,46,46014,Salas de cine,La Rioja,La Rioja,Cinema,San Martin 62,5300,463386,ericontadoralinares@gmail.com,http://cinema3dlarioja.com/
54091080,54,54091,Salas de cine,Misiones,Oberá,Cine Casinos,Av. Sarmiento 1044,3360,425011,cinesobera@arnetbiz.com.ar,www.cinescasinoobera.com.ar/
54028030,54,54028,Salas de cine,Misiones,Posadas,Sunstar,Bolivar 1979,3300,438666,gerente.posadas@sunstar.com,http://www.cinesunstar.com/
54091080,54,54091,Salas de cine,Misiones,Oberá,Cine Teatro Obera,San Martin 1069,3360,408625,cineteatro.obera@outlook.com,https://www.facebook.com/CineTeatroObera/
58035070,58,58035,Salas de cine,Neuquén,Neuquén,Village,Av. Antartida Argentina 1111,8300,471500,village.neuquen@village.com.ar,https://www.villagecines.com/
58035070,58,58035,Salas de cine,Neuquén,Neuquén,Cine Teatro Español,Av. Argentina 245,8300,429747,clau_diaz@hotmail.com,https://www.facebook.com/cineteatronqn/
58035040,58,58035,Salas de cine,Neuquén,Cutral-Co,Cine Rex Cutral-Co,Av. Del Trabajo 676,8200,s/d,iturbemariano@gmail.com,http://www.cinerexcutralco.com.ar/index.php
58056010,58,58056,Salas de cine,Neuquén,San Martín de los Andes,Centro Cultural Costema,Gral. Roca 1154,8370,428399,cccotesma@cotesma.com.ar,http://centrocultural.cotesma.com.ar/agenda-de-cine
58112040,58,58112,Salas de cine,Neuquén,Zapala,Cine Teatro Municipal Amado Sapag,San Martin 281,8340,421664,jjjeldrez@hotmail.com,https://www.facebook.com/Cine-Teatro-de-Zapala-1558752601048983/
62042560,62,62042,Salas de cine,Río Negro,Villa Regina,Cine Teatro Circulo Italiano,Av. Rivadavia 117,8336,4588456,espacioincaavillaregina@gmail.com,http://cineteatrocirculo.com.ar/tags/cine
62042450,62,62042,Salas de cine,Río Negro,Gral. Roca,Cine Rex,Av. Roca 1585,8332,5122308,iturbemariano@gmail.com,http://cinerexroca.com.ar
62042390,62,62042,Salas de cine,Río Negro,Cinco Saltos,Cine Teatro Español,Av. Roca 326,8303,4980122,asoc.esp.cinco.saltos@gmial.com,https://www.facebook.com/pg/Cine-Teatro-Espa%C3%B1ol-Cinco-Saltos-1534103586894165/about/?ref=page_internal
62007090,62,62007,Salas de cine,Río Negro,Viedma,Cine Gama,Gallardo 160,8500,432286,cinegama@yahoo.com.ar,https://cines.com/argentina/cine-gama/
62021060,62,62021,Salas de cine,Río Negro,Bariloche,Sunstar,Onelli 447,8400,433128,gerente.bariloche@cinesunstar.com,http://www.cinesunstar.com/
62021060,62,62021,Salas de cine,Río Negro,Bariloche,La Llave,Sobral Y Onelli,8400,421599,comunicacionculturalmscb@bariloche.com.ar,https://www.facebook.com/escuelalallavebariloche/
62014040,62,62014,Salas de cine,Río Negro,Choele Choel,Sala Municipal Espacio Incaa,Tello Y Av. San Martin,8360,4555525,secdesarrollosocialchoele@hotmail.com,https://www.facebook.com/EspacioIncaaKm1000ChoeleChoel/
66028050,66,66028,Salas de cine,Salta,Salta,Cine Rex,Av. San Martin 1170,4400,4889200,zingone@arnet.com.ar,https://www.facebook.com/pg/Cine-Rex-Salta-1989566067982401/about/?ref=page_internal
66056220,66,66056,Salas de cine,Salta,Tartagal,Open Plaza,Guemes 421,4560,s/d,adrianc@ferreterianorte.com.ar, http://www.cineopenplaza.com.ar
66126070,66,66126,Salas de cine,Salta,Orán,Cine Municipal De La Cultura Oran,Hipolito Yrigoyen 137,4530,421274,culturaoran@gmail.com,https://www.facebook.com/Cine-Municipal-Espacios-Incaa-Oran-473261419496188/
66028050,66,66028,Salas de cine,Salta,Salta,Hogar Escuela,Pje. Chiclana Esq. H. Irigoyen S/N,4400,4228669,ministro@cultura.salta.gov.ar,http://www.culturasalta.gov.ar/contenidos/espacio-incaa-hogar-escuela/50
66028050,66,66028,Salas de cine,Salta,Salta,Opera,Urquiza 560,4400,4213297,zingone@arnet.com.ar,https://www.facebook.com/pages/category/Drive-In-Movie-Theater/Cine-Opera-Salta-155718934490642/
66028050,66,66028,Salas de cine,Salta,Salta,Hoyts,Virrey Toledo 702,4400,57771000,rmazzutti@hoyts.com.ar,https://www.cinemarkhoyts.com.ar/
70028010,70,70028,Salas de cine,San Juan,San Juan,Cinemacenter,Av. Circunvalacion Y Escalabrini Ortiz,5400,4212121,centersanjuan@cinemacenter.com.ar,http://www.cinemacenter.com.ar/
70028010,70,70028,Salas de cine,San Juan,San Juan,Play Cinema,Av. Libertador 1826 (Oeste),5400,4309000,admnistracion@playcinema.net,http://www.playcinema.net/
70028010,70,70028,Salas de cine,San Juan,San Juan,Cine Teatro Municipal San Juan,B. Mitre 41 Este,5400,4213295,cineteatromunicipalsj@gmail.com,http://www.municipiosanjuan.gob.ar/?q=content/cartelera-del-cine-teatro-municipal
70028010,70,70028,Salas de cine,San Juan,San Juan,Fundación Iopps,Pedro Echague Oeste 475,5400,4219787,iopps@speedy.com.ar,https://www.facebook.com/ioppscultura/
70028010,70,70028,Salas de cine,San Juan,San Juan,UPCN - San Juan,Sarmiento 461 Sur,5400,4214611,adolfomallea@yahoo.com.ar,http://www.upcndigital.org/san-juan
74056150,74,74056,Salas de cine,San Luis,San Luis,Cinemacenter,J. A. Roca 260,5700,441001,centerluis@cinemacenter.com.ar,http://www.cinemacenter.com.ar/
74035070,74,74035,Salas de cine,San Luis,Villa Mercedes,Fénix,Pueyrredon 1651,5730,425513,hm@cinesdigitales.com,http://www.cinesfenix.com
78014060,78,78014,Salas de cine,Santa Cruz,Las Heras,Osvaldo Jorge Bayer,13 De Diciembre Y Malvinas S/N,9017,4974923,centroculturallasheras@gmail.com,https://www.facebook.com/pg/centroculturallasheras/about/?ref=page_internal
78042010,78,78042,Salas de cine,Santa Cruz,Puerto San Julian,Cine Teatro Talia,25 De Mayo 1188,9310,415893,cineteatrotalia1930@gmail.com,https://www.facebook.com/pg/cineteatrotalia/about/?ref=page_internal
78014010,78,78014,Salas de cine,Santa Cruz,Caleta Olivia,Asociación Amigos Del Arte Mechenien,J. Newbery Esq. Deocarets S/N,9011,4851770,mechenien_asociacion@hotmail.com,https://www.mechenien.org.ar/
86035090,86,86035,Salas de cine,Santiago del Estero,La Banda,Cinemacenter,Aut. Juan D. Peron S/N Parque Industrial,4200,4373184,cinessantiago@cinemacenter.com.ar,http://www.cinemacenter.com.ar/
86035090,86,86035,Salas de cine,Santiago del Estero,La Banda,Cine Teatro Municipal Renzi,Av. Besares 151,4300,4279188,Alejandro_jozami@hotmail.com,https://www.facebook.com/CineRenzi/
86049110,86,86049,Salas de cine,Santiago del Estero,Santiago del Estero,Sunstar,Av. Rivadavia Y Ejercito Argentino,4200,4213666,gerente.santiago@cinesunstar.com,http://www.cinesunstar.com/
94007010,94,94007,Salas de cine,Tierra del Fuego,Río Grande,El Cine,9 De Julio 838,9420,422648,roviola@gmail.com,http://www.cinemas4riogrande.com.ar
94014020,94,94014,Salas de cine,Tierra del Fuego,Ushuaia,Sunstar,Av. Perito Moreno 1460,9410,442702,gerente.ushuaia@cinesunstar.com,http://www.cinesunstar.com/
94014020,94,94014,Salas de cine,Tierra del Fuego,Ushuaia,Cine Teatro Pakewaia,Yaganes Y Gob Paz (Base Naval),9410,424566,cine@gamaproducciones.com.ar,www.cinepackewaia.com.ar/
90119030,90,90119,Salas de cine,Tucumán,Yerba Buena,Cines Del Solar,Av. Aconquija 1336,4107,4253050,cinesdelsolar@hotmail.com,http://solardelcerro.com
90105080,90,90105,Salas de cine,Tucumán,Tafí Viejo,Espacio Incaa Tafí Viejo C. Teatro Sociedad Española,Av. Alem 418,4103,6399995,ncapola@gmail.com,https://www.facebook.com/espacioincaatafiviejo/
90119030,90,90119,Salas de cine,Tucumán,Yerba Buena,Sunstar,Av. Fermin Carriola 42,4107,4357463,gerente.tucuman@cinesunstar.com,http://www.cinesunstar.com/
90084010,90,90084,Salas de cine,Tucumán,San Miguel de Tucumán,Microcine Orión,Av. Mitre 817,4000,6374808,cineorion@hotmail.com,https://www.facebook.com/search/top/?q=MICROCINE%20ORION
90084010,90,90084,Salas de cine,Tucumán,San Miguel de Tucumán,Cinemacenter,Av. Nestor Kirchner(Ex Av. Roca) 3450,4000,4361405,cctucuman@cinemacenter.com.ar,http://www.cinemacenter.com.ar/
90084010,90,90084,Salas de cine,Tucumán,San Miguel de Tucumán,Atlas Cine,Monteagudo 250,4000,4220825,rabdenur@gmail.com,cineatlasweb.com.ar
90084010,90,90084,Salas de cine,Tucumán,San Miguel de Tucumán,Espacio Incaa Sala Orestes Caviglia,San Martin 251,4000,4307678,mediosaudiovisuales.ect@arnetbiz.com.ar,https://enteculturaltucuman.gob.ar/#teatros
82063170,82,82063,Salas de cine,Santa Fe,Santa Fe,Cine América,25 De Mayo 3075,3000,4190285,guillermoarch@hotmail.com,http://www.plateasantafe.com
82042290,82,82042,Salas de cine,Santa Fe,Venado Tuerto,Cinema Casey,Av. Casey 790,2600,400100,cinemacasey@hotmail.com,http://cinemacasey.com.ar
82042220,82,82042,Salas de cine,Santa Fe,Rufino,Sala Hispano,Av. Cobo 185,6100,409088,espacioincaarufino@gmail.com,htpp:/www.espacios.incaa.gov.ar
82014050,82,82014,Salas de cine,Santa Fe,Casilda,Cine Teatro Libertador,Buenos Aires 2441,2170,422381,cinelibertador@arnetbiz.com.ar,http://www.cinelibertador.com.ar
82021310,82,82021,Salas de cine,Santa Fe,Rafaela,Cine Teatro Municipal Manuel Belgrano,Bv. Santa Fe 555,2300,422114,cinebelgrano@wilnet.com.ar,http://www.rafaela.gob.ar/cine/
82021340,82,82021,Salas de cine,Santa Fe,San Vicente,Brown Cinema,Cangallo 304,2447,470396,brown@coopmail.com.ar,http://browncinema3d.com.ar/home.php
82084270,82,82084,Salas de cine,Santa Fe,Rosario,Microcine De La Cortada,Ctda Ricardone 1244,2000,4498408,microcinedelacortada@hotmail.com,https://www.facebook.com/pg/cinedelacortada.condicionado/about/?ref=page_internal
82063170,82,82063,Salas de cine,Santa Fe,Santa Fe,Cinemark,Dique 1 Puerto Santa Fe,3000,57771000,iventura@cinemark.com.ar,https://www.cinemarkhoyts.com.ar
82126140,82,82126,Salas de cine,Santa Fe,San Jorge,Trigital Cines SRL,Eva Peron 1388,2451,405750,s/d,http://www.lastipassanjorge.com.ar/
82084270,82,82084,Salas de cine,Santa Fe,Rosario,Village,Eva Peron 5856,2000,5161111,village.rosario@village.com.ar,https://www.villagecines.com/
82049180,82,82049,Salas de cine,Santa Fe,Reconquista,Cine Recite,Habegger 755,3560,621973,cinerecite@gmail.com // viviandreaperalta@gmail.com,http://www.cinerecite.com.ar
82084270,82,82084,Salas de cine,Santa Fe,Rosario,Showcase,Junin 501,2000,4360600,naiarg@naiarg.com.ar,http://www.rosariocine.com.ar/horarios/cine/showcase
82084270,82,82084,Salas de cine,Santa Fe,Rosario,Hoyts,Nansen 323,2000,57771000,rmazzutti@hoyts.com.ar,https://www.cinemarkhoyts.com.ar/
82084270,82,82084,Salas de cine,Santa Fe,Rosario,Cines Del Centro,Rioja 1660,2000,4815519,s/d,http://www.rosariocine.com.ar/horarios/cine/cines-del-centro
82084270,82,82084,Salas de cine,Santa Fe,Rosario,Monumental,San Martin 993,2000,s/d,ciamonumentalrosario@gmail.com,https://www.multiplex.com.ar/
82084270,82,82084,Salas de cine,Santa Fe,Rosario,El Cairo,Santa Fe 1120,2000,4721851,carodesantis@hotmail.com,http://elcairocinepublico.gob.ar/
82084270,82,82084,Salas de cine,Santa Fe,Rosario,Arteon,Sarmiento 778,2000,4268841,arteon01@gmail.com,http://www.arteon.com.ar/#!/-cine/
82084270,82,82084,Salas de cine,Santa Fe,Rosario,Centro Cultural Cine Lumiere,Velez Sarfield 1029,2000,4804816,mdorigo@rosario.gov.ar,http://www.lumiererosario.gob.ar
50098100,50,50098,Salas de cine,Mendoza,San Martín,Cine Cervantes San Martin,9 De Julio 187,5570,432786,cebriancine@gmail.com,http://www.cinecervantes.com
50007010,50,50007,Salas de cine,Mendoza,Mendoza,Microcine Municipal David Einsenchlas,9 De Julio 500,5500,4495184,microcinemunicipal@gmail.com//elvuelocine@gmail.com,s/d
50007010,50,50007,Salas de cine,Mendoza,Mendoza,Village,Av. Acceso Este 3280 Lateral Norte,5521,4616161,village.mendoza@village.com.ar,https://www.villagecines.com/
50021010,50,50021,Salas de cine,Mendoza,Godoy Cruz,Ctro Cultural Cine Plaza,Colon 27,5501,4133255,cineplaza@godoycruz.gov.ar,https://www.godoycruz.gob.ar/
50070060,50,50070,Salas de cine,Mendoza,Maipú,Village,Emilio Civit Y Maza,5515,4616161,village.maipu@village.com.ar,https://www.villagecines.com/
50007010,50,50007,Salas de cine,Mendoza,Mendoza,Cinemacenter,Las Cañas 1833,5519,4598173,centermendoza@cinemacenter.com.ar,http://www.cinemacenter.com.ar/
50007010,50,50007,Salas de cine,Mendoza,Mendoza,Porky`S,Lavalle 32,5500,4288740,gabrielmontes67@hotmail.com,https://www.facebook.com/pg/CINE-XXX-Porkis-Mendoza-287672825017939/about/?ref=page_internal
50084140,50,50084,Salas de cine,Mendoza,Rivadavia,Centro Cultural Juan Centorbi,Lavalle 740,5577,4442619,ggvalverde@hotmail.com,https://www.mendozaeventos.com/lugar/122/1/centro-cultural-municipal-juan-centorbi
50007010,50,50007,Salas de cine,Mendoza,Mendoza,Cine Universidad,Maza 240 Entre Mitre Y Av. España,5500,6259251,armandoluisgonzalez70@gmail.com,http://cine.uncuyo.edu.ar/
50070060,50,50070,Salas de cine,Mendoza,Maipú,Cine Teatro Imperial,Pablo Pescara Y Peron,5515,4815634,cine_taller@hotmail.com,https://www.facebook.com/pg/Cineteatroimperial/about/?ref=page_internal
50028020,50,50028,Salas de cine,Mendoza,Guaymallen,Cine Teatro Armando Tejada Gómez,Pedro Molina 110,5519,4453515,cineteatrorecreo@yahoo.com.ar,https://www.facebook.com/cineteatrorecreo.guaymallen/photos/a.595121797331400/595121603998086/?type=1&theater
50077040,50,50077,Salas de cine,Mendoza,Malargüe,Sala Maitén,Ruta 40 Norte Y Pje Orteguina,5613,470027,cinemaiten@malargue.gov.ar,https://www.malargue.gov.ar/?cat=735
50021010,50,50021,Salas de cine,Mendoza,Godoy Cruz,Cinemark,Ruta Panamericana 2650,5501,57771000,iventura@cinemark.com.ar,https://www.cinemarkhoyts.com.ar
50105210,50,50105,Salas de cine,Mendoza,San Rafael,Cine Amelix,San Martin 139,5600,427171,cineamelix@gmail.com,https://www.facebook.com/CineAmelix/
14140030,14,14140,Salas de cine,Córdoba,Arroyito,Cinema 2000,Belgrano Esq. Rafael Nuñez,2434,422515,marcelatorressi@cescom.net.ar,https://www.facebook.com/pg/Cinema.2000.Arroyito.3D/about/?ref=page_internal
14182080,14,14182,Salas de cine,Córdoba,Canals,Guillermo J. Nolter,Moreno Y Sarmiento,2650,420041,coopcanals@canalsnet.com.ar,https://www.cinecoop3d.com/elcine.php
14091040,14,14091,Salas de cine,Córdoba,Capilla del Monte,Enrique Muiño,Sarmiento 318,5184,481026,cultura@capilladelmonte.gov.ar,https://www.facebook.com/pages/Cine-Enrique-Mui%C3%B1o-Capilla-Del-Monte/314551692070477
14014010,14,14014,Salas de cine,Córdoba,Córdoba,Cine Arte Córdoba,27 De Abril 275,5000,421214,danhid12@hotmail.com,https://www.facebook.com/Cine-Arte-Cordoba-1386051238374665/
14014010,14,14014,Salas de cine,Córdoba,Córdoba,Cinerama,Av. Colon 345,5000,4210221,albertomo@arnet.com.ar,https://www.cinerama.com.ar/
14014010,14,14014,Salas de cine,Córdoba,Córdoba,Dinosaurio Mall,Av. Fuerza Aerea 1700,5009,5261500,cluduena@grupodinosaurio.com,https://www.cinesdinomall.com.ar/Inicio
14014010,14,14014,Salas de cine,Córdoba,Córdoba,Gran Rex,Av. Gral. Paz 174,5000,248709,granrex@yahoo.com.ar,http://cinesgranrex.com.ar/
14014010,14,14014,Salas de cine,Córdoba,Córdoba,Hoyts,Av. Velez Sarsfield 361,5000,57771000,rmazzutti@hoyts.com.ar,https://www.cinemarkhoyts.com.ar/
14014010,14,14014,Salas de cine,Córdoba,Córdoba,Hoyts,Duarte Quiros 1400,5000,4803737,rmazzutti@hoyts.com.ar,https://www.cinemarkhoyts.com.ar/
14014010,14,14014,Salas de cine,Córdoba,Córdoba,Showcase,J.A. Goyechea 2851,5009,4880499,canigia@naiarg.com.ar,https://www.todoshowcase.com/
14014010,14,14014,Salas de cine,Córdoba,Córdoba,Tao Sex,Rivadavia 219,5000,4232865,lucramireznur@hotmail.com,https://www.facebook.com/pg/taosex.cordoba/about/?ref=page_internal
14014010,14,14014,Salas de cine,Córdoba,Córdoba,Gran Rex,Rivera Indarte 139,5000,4248709,granrexcba@yahoo.com.ar,http://cinesgranrex.com.ar/
14014010,14,14014,Salas de cine,Córdoba,Córdoba,Dinosaurio Mall,Rodriguez Del Busto 4086,5009,5261500,cluduena@grupodinosaurio.com,https://www.cinesdinomall.com.ar/Inicio
14014010,14,14014,Salas de cine,Córdoba,Córdoba,Vip´S Cinema,Santa Rosa 212,5000,4265280,batty256@hotmail.com,http://usandbath.com/cine-vips-cinema-de-cordoba/
14028050,14,14028,Salas de cine,Córdoba,Cruz del Eje,Aida,Thomas Edison 2126,5280,423530,mhr57@hotmail.com,https://www.facebook.com/CineTeatroAidaCruzDelEje/photos/a.1650682478478134/2094015514144826/?type=1&theater
14021140,14,14021,Salas de cine,Córdoba,Jesus María,Las Tipas Boulevard,Ruta Nacional 9 Esq. Corrientes,5220,428300,admin@lastipasboulevard.com.ar,http://www.cinesmolise.com.ar/
14140300,14,14140,Salas de cine,Córdoba,Morteros,Las Tipas Boulevard,Bv. Illia 232,2421,405750,admin@lastipasboulevard.com.ar,http://www.lastipasboulevard.com.ar/
14161150,14,14161,Salas de cine,Córdoba,Río Tercero,Cinema Strike,Velez Sarfield 143,5850,414444,analia.cruchiani@hotmail.com,http://cinemastrike.com.ar/
14140360,14,14140,Salas de cine,Córdoba,San Francisco,Digital Tresd,Iturraspe 1448,2400,424403,nuevocineradar@gmail.com,http://www.nuevocineradar.com.ar/
14021280,14,14021,Salas de cine,Córdoba,Unquillo,Espacio Incaa Unquillo,San Martin 1505,5109,487307,espacioincaaunquillo@gmail.com,http://www.unquillo.gov.ar/webGF/index.html
14098290,14,14098,Salas de cine,Córdoba,Vicuña Mackenna,Sala C.E.Y.A.L,Av. Carlos S. Y De 1056,6140,480000,ceyalcoop@ceyalcoop.com.ar,http://www.ceyalcoop.com.ar/2018/09/11/985/
14021290,14,14021,Salas de cine,Córdoba,Villa Allende,Showcase,Rio De Janeiro 1725,5105,438314,galonso@naiarg.com.ar,https://www.todoshowcase.com/
14091250,14,14091,Salas de cine,Córdoba,Villa Carlos Paz,Holly Paz,9 De Julio 53,5152,435924,charlymagnano@hotmail.com,https://www.holidaycinemas.com.ar/
14119210,14,14119,Salas de cine,Córdoba,Villa del Rosario,Cine General Paz,Sarmiento 731,5963,456011,iambrogio@hotmail.com,https://m.facebook.com/dfinelli.d.finelli?fref=ts
14133200,14,14133,Salas de cine,Córdoba,Villa Dolores,Eter Cine,Felipe Erdman 145,5870,610095,efernandez486@yahoo.com.ar,http://www.etercine3d.com.ar/
14042170,14,14042,Salas de cine,Córdoba,Villa María,Centro Cultural Leonardo Favio,Av. Sabattini 200,5900,4061440,espacioincaa555@hotmail.com,http://www.villamaria.gob.ar
14042170,14,14042,Salas de cine,Córdoba,Villa María,Sudcinemas,"Ruta Nacional 158 Km 155,5",5900,4522337,sudcinemas@arnetbiz.com.ar,http://sudcinemas.com.ar/cine-wp/
2000010,2,2000,Salas de cine,Ciudad Autónoma de Buenos Aires,Ciudad Autónoma de Buenos Aires,Cinemark,Av. Alicia M De Justo 1920,1107,57771000,iventura@cinemark.com.ar,https://www.cinemarkhoyts.com.ar
2000010,2,2000,Salas de cine,Ciudad Autónoma de Buenos Aires,Ciudad Autónoma de Buenos Aires,Cinema,Av. Cabildo 2702,1428,47890232,fharari@hotmail.com.ar,http://www.cinemacity.com.ar/
2000010,2,2000,Salas de cine,Ciudad Autónoma de Buenos Aires,Ciudad Autónoma de Buenos Aires,Multiplex,Av. Cabildo 2829,1428,47816500,viourno@cinesmultiplex.com.ar.,https://www.multiplex.com.ar/
2000010,2,2000,Salas de cine,Ciudad Autónoma de Buenos Aires,Ciudad Autónoma de Buenos Aires,Alianza Francesa,Av. Cordoba 946,1054,43220068,francisco.armendariz@alianzafrancesa.org.ar,https://www.alianzafrancesa.org.ar/cultura/cine
2000010,2,2000,Salas de cine,Ciudad Autónoma de Buenos Aires,Ciudad Autónoma de Buenos Aires,Bama Cine,Av. Corrientes 1145,1145,44136283,guillermo@bamacine.com,http://www.bamacine.com/
2000010,2,2000,Salas de cine,Ciudad Autónoma de Buenos Aires,Ciudad Autónoma de Buenos Aires,Cine Lorca,Av. Corrientes 1428,1042,43715017,lorcacine@gmail.com,http://cinelorca.wixsite.com/cine-lorca
2000010,2,2000,Salas de cine,Ciudad Autónoma de Buenos Aires,Ciudad Autónoma de Buenos Aires,Sala Leopoldo Lugones,Av. Corrientes 1530,1042,43710111,acardoso@complejoteatral.gob.ar,https://complejoteatral.gob.ar/cine
2000010,2,2000,Salas de cine,Ciudad Autónoma de Buenos Aires,Ciudad Autónoma de Buenos Aires,Sala Raúl González Tuñón,Av. Corrientes 1543,1042,50778000,directorartistico@entrocultural.coop,http://www.centrocultural.coop/
2000010,2,2000,Salas de cine,Ciudad Autónoma de Buenos Aires,Ciudad Autónoma de Buenos Aires,Cine Cosmos,Av. Corrientes 2046,1045,49535405,gabriel.guralnik@gmail.com,https://www.facebook.com/pg/cinecosmos.uba/about/?ref=page_internal
2000010,2,2000,Salas de cine,Ciudad Autónoma de Buenos Aires,Ciudad Autónoma de Buenos Aires,Hoyts,Av. Corrientes 3247,1193,57771000,rmazzutti@hoyts.com.ar,https://www.cinemarkhoyts.com.ar/
2000010,2,2000,Salas de cine,Ciudad Autónoma de Buenos Aires,Ciudad Autónoma de Buenos Aires,Malba,Av. Figuero Alcorta 3415,1425,48086500,recepcion@malba.org.ar,http://www.malba.org.ar/eventos/de/actividades-cine-programacion/
2000010,2,2000,Salas de cine,Ciudad Autónoma de Buenos Aires,Ciudad Autónoma de Buenos Aires,Cinemark,Av. La Plata 96,1184,57771000,iventura@cinemark.com.ar,https://www.cinemarkhoyts.com.ar
2000010,2,2000,Salas de cine,Ciudad Autónoma de Buenos Aires,Ciudad Autónoma de Buenos Aires,Gaumont CineAR,Av. Rivadavia 1635,1033,43815754,guadalupe.veiga@incaa.gov.ar,http://www.incaa.gov.ar/sin-categoria/cartelera-cine-gaumont
2000010,2,2000,Salas de cine,Ciudad Autónoma de Buenos Aires,Ciudad Autónoma de Buenos Aires,Village,Av. Rivadavia 5071,1424,51686868,village.caballito@village.com.ar,https://www.villagecines.com/
2000010,2,2000,Salas de cine,Ciudad Autónoma de Buenos Aires,Ciudad Autónoma de Buenos Aires,Cinemark,Beruti 3399,1425,57771000,iventura@cinemark.com.ar,https://www.cinemarkhoyts.com.ar
2000010,2,2000,Salas de cine,Ciudad Autónoma de Buenos Aires,Ciudad Autónoma de Buenos Aires,Microcine Centro Cultural Recoleta,Junin 1930,1113,48031040,evitamaggi@buenosaires.gob.ar,http://www.centroculturalrecoleta.org/
2000010,2,2000,Salas de cine,Ciudad Autónoma de Buenos Aires,Ciudad Autónoma de Buenos Aires,Sisco Box,Laprida 1423,1425,41430660,natipereiradarre@gmail.com,s/d
2000010,2,2000,Salas de cine,Ciudad Autónoma de Buenos Aires,Ciudad Autónoma de Buenos Aires,Multiplex Lavalle,Lavalle 780,1047,43261596,asomma@cinesmultiplex.com.ar,https://www.multiplex.com.ar/
2000010,2,2000,Salas de cine,Ciudad Autónoma de Buenos Aires,Ciudad Autónoma de Buenos Aires,Showcase,Monroe 1655,1428,47883322,rfarias@naiarg.com.ar,https://www.todoshowcase.com/
2000010,2,2000,Salas de cine,Ciudad Autónoma de Buenos Aires,Ciudad Autónoma de Buenos Aires,Cinema Del Parque,Nazarre 3135,1417,45030200,ibuttironi@cpmcines.com,https://cpmcines.com/home
2000010,2,2000,Salas de cine,Ciudad Autónoma de Buenos Aires,Ciudad Autónoma de Buenos Aires,A.M.I.A.,Pasteur 633,1028,49598800,amia@amia.org.ar,https://cultura.amia.org.ar
2000010,2,2000,Salas de cine,Ciudad Autónoma de Buenos Aires,Ciudad Autónoma de Buenos Aires,Atlas Cine,Rivera Indarte 44,1406,43135050,info@atlascines.com.ar,cineatlasweb.com.ar
2000010,2,2000,Salas de cine,Ciudad Autónoma de Buenos Aires,Ciudad Autónoma de Buenos Aires,Edén,Santa Fe 1825,1123,43283150,jse13310@gmail.com,s/d
2000010,2,2000,Salas de cine,Ciudad Autónoma de Buenos Aires,Ciudad Autónoma de Buenos Aires,Cine Ideal Solo Adultos,Suipacha 378,1008,43263300,s/d,s/d
2000010,2,2000,Salas de cine,Ciudad Autónoma de Buenos Aires,Ciudad Autónoma de Buenos Aires,Village,Vicente Lopez 2050,1128,51280828,village.recoleta@village.com.ar,https://www.villagecines.com/
2000010,2,2000,Salas de cine,Ciudad Autónoma de Buenos Aires,Ciudad Autónoma de Buenos Aires,Multiplex,Vuelta De Obligado 2199,1428,47818187,gfeldman@cinesmultiplex.com,https://www.multiplex.com.ar/
6826050,6,6826,Salas de cine,Buenos Aires,Trenque Lauquen,Espacio Incaa Cine Barrio Alegre,9 De Julio 133,6400,432001,clubbarrioalegre@cetl.com.ar,https://www.facebook.com/cinebarrio3d/
6483040,6,6483,Salas de cine,Buenos Aires,Lobos,Cine Teatro Italiano,9 De Julio 142,7240,431228,cultural@lobos.gov.ar,https://www.facebook.com/teatrocineitaliano/
6568010,6,6568,Salas de cine,Buenos Aires,Morón,T. Municipalidad G. De La Ferrere,Alte. Brown 990,1708,44831412,teatrolaferreremoron@gmail.com,http://www.moron.gob.ar/nuestra-gestion/cultura/accion-cultural/#
6581040,6,6581,Salas de cine,Buenos Aires,Necochea,Cine Teatro París,Av. 59 2868,7630,647459,info@cineteatroparis.com,https://www.facebook.com/cineteatroparis.necochea/
6798020,6,6798,Salas de cine,Buenos Aires,Tapalque,Espacio Incaa Centro Cultural Municipal Dr. Ricardo Romera,Av. 9 De Julio Y Av. San Martin,7303,420248,adolfolivio@hotmail.com,http://www.municipiodetapalque.gob.ar/?tag=centro-cultural-dr-ricardo-romera
6210020,6,6210,Salas de cine,Buenos Aires,Chacabuco,Teatro Italiano Espacio INCAA,Av. Alsina 29,6740,428776,celiae06@hotmail.com,https://www.facebook.com/Teatro-Italiano-Galer%C3%ADa-de-Arte-434088023281257/
6658010,6,6658,Salas de cine,Buenos Aires,Quilmes,Hoyts,Av. Calchaqui 3950,1879,57771000,rmazzutti@hoyts.com.ar,https://www.cinemarkhoyts.com.ar/
6224010,6,6224,Salas de cine,Buenos Aires,Chivilcoy,Metropol,Av. Ceballos 29,6620,422555,lagandolfo@yahoo.com.ar,https://www.facebook.com/CineMetropolChivilcoy/
6805010,6,6805,Salas de cine,Buenos Aires,Rincón de Milberg,Nordel Cinema,Av. De Los Lagos 7010,1617,48710193,s/d,http://www.nordeltacc.com.ar/
6490010,6,6490,Salas de cine,Buenos Aires,Temperley,Hoyts,Av. Hipolito Irigoyen 10699,1834,57771000,rmazzutti@hoyts.com.ar,https://www.cinemarkhoyts.com.ar/
6515010,6,6515,Salas de cine,Buenos Aires,Los Polvorines,Cinemark,Av. Illia 3770,1613,57771000,iventura@cinemark.com.ar,https://www.cinemarkhoyts.com.ar
6427010,6,6427,Salas de cine,Buenos Aires,San Justo,Cinemark,Av. Juan Manuel De Rosas 3990,1754,57771000,iventura@cinemark.com.ar,https://www.cinemarkhoyts.com.ar
6840010,6,6840,Salas de cine,Buenos Aires,Ciudadela,Nuevo Ciudadela,Av. Maipu 3927,1702,46535914,nuevociudadela@yahoo.com.ar,s/d
6469080,6,6469,Salas de cine,Buenos Aires,Lincoln,Cine Club Jorge Newbery,Av. Massey 839,6070,421928,clubjnewbery@gmail.com,https://www.facebook.com/clubjorgenewberylincoln/
6623100,6,6623,Salas de cine,Buenos Aires,Pergamino,Cinema,Av. Mayo Y San Nicolas,2700,443932,cinemapergamino@bbt11.com.ar,http://vamosacinema.com/
6420030,6,6420,Salas de cine,Buenos Aires,San Clemente,Gran Tuyu,Av. San Martin 181,7105,2521025,cinesdelacosta@yahoo.com.ar,https://www.facebook.com/cine.tuyu/
6274010,6,6274,Salas de cine,Buenos Aires,Florencio Varela,Cinemacenter,Av. San Martin 554 Y Av. Del Trabajo,1888,42370445,centervarela@cinemacenter.com.ar,http://www.cinemacenter.com.ar/
6056010,6,6056,Salas de cine,Buenos Aires,Bahía Blanca,Cinemacenter,Av. Sarmiento 2153,8000,4535844,centerbahia@cinemacenter.com.ar,http://www.cinemacenter.com.ar/
6644010,6,6644,Salas de cine,Buenos Aires,Pinamar,Oasis,Av. Shaw 644,7167,4497333,exhibidoraatlantica@yahoo.com.ar,http://www.cineoasis.com.ar/
6224010,6,6224,Salas de cine,Buenos Aires,Chivilcoy,Cine Español Chivilcoy,Av. Suarez 86,6620,427272,laganadolfo@yahoo.com.ar,https://www.facebook.com/cinechivilcoy/
6560010,6,6560,Salas de cine,Buenos Aires,Moreno,Hoyts,Av. Victorica 1128,1744,57771000,rmazzutti@hoyts.com.ar,https://www.cinemarkhoyts.com.ar/
6112010,6,6112,Salas de cine,Buenos Aires,Bragado,Espacio Incaa Florencio Constantino,Belgrano 1260,6640,422060,culturabragado@gmail.com,s/d
6056010,6,6056,Salas de cine,Buenos Aires,Bahía Blanca,Amodeo Visión,Belgrano 153,8000,4547639,s/d,s/d
6357110,6,6357,Salas de cine,Buenos Aires,Mar del Plata,Pigalle,Belgrano 2327,7600,490306,danielmazzitello@hotmail.com,s/d
6770050,6,6770,Salas de cine,Buenos Aires,San Pedro,Cine Teatro La Palma,Belgrano 961,2930,427251,cineteatrolapalma@gmail.com,https://www.facebook.com/MEC.LaPalma/
6357110,6,6357,Salas de cine,Buenos Aires,Mar del Plata,Lisieux Diagonal,Belgrano Y Diag. Pueyrredon 3058,7600,4999200,recepcion666@cinemacenter. com.ar,http://dixain.wixsite.com/paseodiagonal/cines
6756010,6,6756,Salas de cine,Buenos Aires,Boulogne,Cinemark Soleil,Bernardo De Yrigoyen 2647,1609,57771000,iventura@cinemark.com.ar,https://www.cinemarkhoyts.com.ar
6049020,6,6049,Salas de cine,Buenos Aires,Azul,Flix Cinema,Bolivar 416,7300,432580,flixcinema@hotmail.com,http://azul.flixcinema.com.ar/
6861010,6,6861,Salas de cine,Buenos Aires,Vicente López,Zona Cine Coto Olivos,Borges 309 Y Espora 3030,1638,47113478,maciro@coto.com.ar,https://www.zonacines.com.ar
6357110,6,6357,Salas de cine,Buenos Aires,Mar del Plata,Teatro Auditorium,Bv. Maritimo 2280,7600,4937786,direccionauditorium@hotmail.com,http://programacionauditorium.blogspot.com/
6532020,6,6532,Salas de cine,Buenos Aires,Mercedes,Cine Mercedes,Calle 20 728,6600,432700,cine-mercedes@hotmail.com,http://cinemercedes.com/
6280040,6,6280,Salas de cine,Buenos Aires,Miramar,Cine Atlántico,Calle 21 1564,7607,420167,recepcion666@cinemacenter.com.ar,http://www.cineteatroatlantico.com.ar/
6420040,6,6420,Salas de cine,Buenos Aires,Santa Teresita,Yanel,Calle 32 372,7107,6520348,s/d,s/d
6420040,6,6420,Salas de cine,Buenos Aires,Santa Teresita,Atlántico,Calle 41 258,7107,6528800,cinesdelacosta@yahoo.com.ar,s/d
6441030,6,6441,Salas de cine,Buenos Aires,La Plata,Cinema Paraíso,Calle 46 780,1900,4834074,fharari@hotmail.com.ar,http://www.cinemalaplata.com
6175010,6,6175,Salas de cine,Buenos Aires,Colón,Cine Teatro Colon,Calle 48 Y 19,2720,515644,cineteatrocolon@hotmail.com,http://cineteatrocolon.com.ar
6441030,6,6441,Salas de cine,Buenos Aires,La Plata,Cinema,Calle 49 621,1900,4259873,fharari@hotmail.com.ar,http://www.cinemalaplata.com
6441030,6,6441,Salas de cine,Buenos Aires,La Plata,Cine Municipal Select,Calle 50 Esq 49 Y 6,1900,4271210,cineylocacioneslaplata@gmail.com,http://www.cultura.laplata.gov.ar/lugar/cine-municipal-select
6420010,6,6420,Salas de cine,Buenos Aires,Las Toninas,Las Toninas,Calle 7 1564 Entre 36 Y 38,7106,431050,s/d,s/d
6441030,6,6441,Salas de cine,Buenos Aires,La Plata,Cinema,Calle 7 923,1900,4839947,fharari@hotmail.com.ar,http://www.cinemalaplata.com
6581040,6,6581,Salas de cine,Buenos Aires,Necochea,Cines Ocean,Calle 83 350,7630,s/d,pedroacostaesteves@hotmail.com,https://www.cinesocean.com.ar/
6056010,6,6056,Salas de cine,Buenos Aires,Bahía Blanca,Cines Del Centro - Cine Visión,Chiclana 452,8000,4547575,s/d,http://www.cinesdelcentrobb.com.ar/
6833100,6,6833,Salas de cine,Buenos Aires,Tres Arroyos,Cine El Solar Del Tortoni,Colon 255,7500,425097,cinetortoni@eternet.com,http://www.elsolardeltortoni.com.ar/
6515010,6,6515,Salas de cine,Buenos Aires,Tortuguitas,Cinemark,Constituyentes Y Au Panamericana Km 36.5,1667,57771000,iventura@cinemark.com.ar,https://www.cinemarkhoyts.com.ar
6357110,6,6357,Salas de cine,Buenos Aires,Mar del Plata,Cinemacenter,Cordoba 1673,7600,4957271,hbroemser@cinemacenter.com.ar,http://www.cinemacenter.com.ar/
6315010,6,6315,Salas de cine,Buenos Aires,General Madariaga,Espacio INCAA Gral. Madariaga,Dr. Carlos Madariaga 499,7163,552861,casadelacultura@hotmail.com,https://www.facebook.com/Espacio-INCAA-Madariaga-888001574621995/
6568010,6,6560,Salas de cine,Buenos Aires,Haedo,Showcase,Dr. Luis Guemes 393,1706,44439700,naiarg@naiarg.com.ar,https://www.todoshowcase.com/
6861010,6,6861,Salas de cine,Buenos Aires,Munro,Showcase,E. Echeverria 3750,1605,47565900,naiarg@naiarg.com.ar galberdi@naiarg.com.ar,https://www.todoshowcase.com/
6840010,6,6840,Salas de cine,Buenos Aires,Villa Bosch,Víctor Show Cinemas,El Payador 5539,1682,48440561,julio.perazzelli@hotmail.com,https://www.facebook.com/VictorShowCinemas/
6357110,6,6357,Salas de cine,Buenos Aires,Mar del Plata,Cine Cristal,Entre Rios 1783,7600,4914733,consultoraad@live.com.ar,s/d
6270010,6,6270,Salas de cine,Buenos Aires,Ezeiza,Multiplex,Formosa 653,1804,50750446,ldominguez@cinesmultiplex.com.ar,https://www.multiplex.com.ar/
6035010,6,6035,Salas de cine,Buenos Aires,Avellaneda,Atlas Cine,Guemes 897,1870,43135050,info@atlascines.com.ar,cineatlasweb.com.ar
6420020,6,6420,Salas de cine,Buenos Aires,Mar de Ajó,California,Hipolito Irigoyen 18,7112,422022,exhibidoraatlantica@yahoo.com.ar,https://www.facebook.com/Cine-California-MDA-241279462590816/
6028010,6,6028,Salas de cine,Buenos Aires,Adrogué,Atlas Cine,Hipolito Yrigoyen 13200,1846,43135050,info@atlascines.com.ar,cineatlasweb.com.ar
6301010,6,6301,Salas de cine,Buenos Aires,General Belgrano,Cine Teatro Español,Larrea 688,7223,453060,cultura@belgranomun.gob.ar,https://www.facebook.com/CINE-ESPA%C3%91OL-General-Belgrano-1440074889579719/
6847020,6,6847,Salas de cine,Buenos Aires,Tres Lomas,Cine Teatro Español,Monteverde 257,6409,420855,rominaamutio@hotmail.com,https://www.facebook.com/cinetreslomas/
6658010,6,6658,Salas de cine,Buenos Aires,Quilmes,Showcase,Olavarria 180,1878,42576006,naiarg@naiarg.com.ar,https://www.todoshowcase.com/
6084020,6,6084,Salas de cine,Buenos Aires,Benito Juarez,Centro Cultural Atilio Marinelli,Otamendi Y Av. San Martin,7020,5313467,ccatiliomarinelli@gmail.com,https://www.facebook.com/Centro-Cultural-Atilio-Marinelli-de-Benito-Ju%C3%A1rez-1396556527284843/
6791050,6,6791,Salas de cine,Buenos Aires,Tandil,Cinemacenter,Panama 351,7000,424251,centertandil@cinemacenter.com.ar,http://www.cinemacenter.com.ar/
6638040,6,6638,Salas de cine,Buenos Aires,Pilar,Village,Panamericana Ac. Norte Km 50,1629,4650505,village.pilar@village.com.ar,https://www.villagecines.com/
6756010,6,6756,Salas de cine,Buenos Aires,Martínez,Hoyts,Parana 3745,1640,41188118,rmazzutti@hoyts.com.ar,https://www.cinemarkhoyts.com.ar/
6868020,6,6868,Salas de cine,Buenos Aires,Villa Gesell,Atlantic,Paseo 105 Entre 3 Y 2,7165,462323,cineatlanticgesell@gmail.com,http://cineatlantic.com.ar/
6210020,6,6210,Salas de cine,Buenos Aires,Chacabuco,Cine Teatro Español,Pueyrredon 29,6740,442172,estudiodiazpalacio@gmail.com,http://cinemachacabuco.com.ar/
6357110,6,6357,Salas de cine,Buenos Aires,Mar del Plata,Cinemacenter,Rivadavia 3050,7600,4999200,gpaai@cinemacenter.com.ar,http://www.cinemacenter.com.ar/
6511020,6,6511,Salas de cine,Buenos Aires,Maipú,Cine Teatro Sociedad Italiana,Rivadavia 555,7160,421649,marinagole@yahoo.com.ar,https://www.facebook.com/CineTeatroSociedadItalianaMaipu
6427010,6,6427,Salas de cine,Buenos Aires,Gonzalez Catán,Cpm Cinemas Catan Shopping,Ruta 3 Km 29 Bj Manuel De Rosas 14457,1759,49534489,cpmcinemas@gmail.com,https://cpmcines.com
6455030,6,6455,Salas de cine,Buenos Aires,Las Flores,Cine San Martin,San Martin 593,7200,462332,estre-c@hotmail.com,http://www.cinesanmartin3d.com.ar/
6434010,6,6434,Salas de cine,Buenos Aires,Lanús,Zona Cines Coto Lanús,Warnes 2450,1824,42399300,maciro@coto.com.ar,https://www.zonacines.com.ar
6791050,6,6791,Salas de cine,Buenos Aires,Tandil,Espacio INCAA Unicen,Yrigoyen 662,7000,4628324,martinezmcarla@yahoo.com.ar,https://www.unicen.edu.ar/content/funciones-espacio-incaa-unicen-ahora-tambi%C3%A9n-podes-seguirnos-en-instagram
10049030,10,10049,Salas de cine,Catamarca,Catamarca,Cine Teatro Catamarca,San Martín 555,4700,4439129,s/d,http://www.turismo.catamarca.gob.ar/?vh_accommodation=teatros-en-sfvc/cine-teatro-catamarca
6427010,6,6427,Salas de cine,Buenos Aires,San Justo,Espacio INCAA Km 16 La Matanza ,Av. Illia 2340,1754,35316634,"info@ccvb.org.ar
",http://www.ccvb.org.ar/cinespecioincaa.html
